{
    "🇦" : "a",
    "🅰️" : "a",
    "🆎" : "ab",
    "🏧" : "atm",
    "🇧" : "b",
    "🅱️" : "b",
    "🇨" : "c",
    "©️" : "c",
    "🆑" : "cl",
    "🆒" : "cool",
    "🇩" : "d",
    "🇪" : "e",
    "🇫" : "f",
    "🆓" : "free",
    "🇬" : "g",
    "🇭" : "h",
    "🇮" : "i",
    "ℹ️" : "i",
    "🆔" : "id",
    "🇯" : "j",
    "🇰" : "k",
    "🇱" : "l",
    "🇲" : "m",
    "Ⓜ️" : "m",
    "🇳" : "n",
    "🆕" : "new",
    "🆖" : "ng",
    "🇴" : "o",
    "🅾️" : "o",
    "🆗" : "ok",
    "🇵" : "p",
    "🅿️" : "p",
    "🇶" : "q",
    "🇷" : "r",
    "®️" : "r",
    "🇸" : "s",
    "🇹" : "t",
    "™️" : "tm",
    "🇺" : "u",
    "🆙" : "up",
    "🇻" : "v",
    "🆚" : "vs",
    "🇼" : "w",
    "🇽" : "x",
    "🇾" : "y",
    "🇿" : "z",
    "🚾" : "wc",
    "#️⃣" : "#"
}